"emailpromotion","countofperson","maxpurchaseytd","minpurchaseytd","avgpurchaseytd","stdpurchaseytd"
0,"10996","9650.76000","-44002.30230","73.5356","2105.2946"
1,"4983","9566.43000","-48861.59388","38.3469","2410.6819"
2,"3703","7369.42040","-46721.47430","26.3930","2288.7073"
