"emailpromotion","countofperson","maxpurchaseytd","minpurchaseytd","avgpurchaseytd","stdpurchaseytd"
0,"10681","9650.76000","-44002.30230","75.7043","2136.0777"
1,"4829","9566.43000","-48861.59388","39.5698","2448.8173"
2,"3609","7369.42040","-46721.47430","27.0804","2318.3257"
